CPG,CPG Region,Channel,Retailer,Retailer Region,Year,Week,Category,Brand,UPC,PPG, Sales 
ABC Corp,North,Mass,SuperMart,North,2018,31,Widgets,A,1234567890,PPG1,533972.4898194753
ABC Corp,East,Mass,SuperMart,East,2018,31,Widgets,A,1234567890,PPG1,715133.868762087
ABC Corp,South,Mass,SuperMart,Gulf Coast,2018,31,Widgets,A,1234567890,PPG1,390198.62418496056
ABC Corp,South,Mass,SuperMart,Deep South,2018,31,Widgets,A,1234567890,PPG1,349608.1288096148
ABC Corp,West,Mass,SuperMart,West,2018,31,Widgets,A,1234567890,PPG1,511833.5056260066
ABC Corp,North,Mass,BigCo,North,2018,31,Widgets,A,1234567890,PPG1,178929.14991783077
ABC Corp,East,Mass,BigCo,East,2018,31,Widgets,A,1234567890,PPG1,260973.6125
ABC Corp,South,Mass,BigCo,South,2018,31,Widgets,A,1234567890,PPG1,872220.34
ABC Corp,West,Mass,BigCo,West,2018,31,Widgets,A,1234567890,PPG1,663952.3960566185
ABC Corp,North,Drug,Rx,North,2018,31,Widgets,A,1234567890,PPG1,112901.11547447121
ABC Corp,East,Drug,Rx,East,2018,31,Widgets,A,1234567890,PPG1,646494.5634375
ABC Corp,South,Drug,Rx,South,2018,31,Widgets,A,1234567890,PPG1,326978.87281249993
ABC Corp,West,Drug,Rx,West,2018,31,Widgets,A,1234567890,PPG1,627782.82
ABC Corp,North,Mass,SuperMart,North,2018,31,Widgets,A,1234512345,PPG1,140706.65
ABC Corp,East,Mass,SuperMart,East,2018,31,Widgets,A,1234512345,PPG1,210541.18
ABC Corp,South,Mass,SuperMart,Gulf Coast,2018,31,Widgets,A,1234512345,PPG1,829989.8170189485
ABC Corp,South,Mass,SuperMart,Deep South,2018,31,Widgets,A,1234512345,PPG1,126831.42666666667
ABC Corp,West,Mass,SuperMart,West,2018,31,Widgets,A,1234512345,PPG1,681109.3471685287
ABC Corp,North,Mass,BigCo,North,2018,31,Widgets,A,1234512345,PPG1,80643.65
ABC Corp,East,Mass,BigCo,East,2018,31,Widgets,A,1234512345,PPG1,796603.5737533404
ABC Corp,South,Mass,BigCo,South,2018,31,Widgets,A,1234512345,PPG1,602929.85
ABC Corp,West,Mass,BigCo,West,2018,31,Widgets,A,1234512345,PPG1,334173.14592704846
ABC Corp,North,Drug,Rx,North,2018,31,Widgets,A,1234512345,PPG1,572510.5227389017
ABC Corp,East,Drug,Rx,East,2018,31,Widgets,A,1234512345,PPG1,112027.49405897595
ABC Corp,South,Drug,Rx,South,2018,31,Widgets,A,1234512345,PPG1,88341.9121567999
ABC Corp,West,Drug,Rx,West,2018,31,Widgets,A,1234512345,PPG1,705567.641508461
ABC Corp,North,Mass,SuperMart,North,2018,32,Widgets,A,1234567890,PPG1,530774.197933069
ABC Corp,East,Mass,SuperMart,East,2018,32,Widgets,A,1234567890,PPG1,742034.5200315289
ABC Corp,South,Mass,SuperMart,Gulf Coast,2018,32,Widgets,A,1234567890,PPG1,379523.3388168423
ABC Corp,South,Mass,SuperMart,Deep South,2018,32,Widgets,A,1234567890,PPG1,344806.2523943317
ABC Corp,West,Mass,SuperMart,West,2018,32,Widgets,A,1234567890,PPG1,510724.8436357443
ABC Corp,North,Mass,BigCo,North,2018,32,Widgets,A,1234567890,PPG1,178689.70648266736
ABC Corp,East,Mass,BigCo,East,2018,32,Widgets,A,1234567890,PPG1,260973.6125
ABC Corp,South,Mass,BigCo,South,2018,32,Widgets,A,1234567890,PPG1,893153.63
ABC Corp,West,Mass,BigCo,West,2018,32,Widgets,A,1234567890,PPG1,671370.2662028938
ABC Corp,North,Drug,Rx,North,2018,32,Widgets,A,1234567890,PPG1,111613.5663024613
ABC Corp,East,Drug,Rx,East,2018,32,Widgets,A,1234567890,PPG1,647245.82640625
ABC Corp,South,Drug,Rx,South,2018,32,Widgets,A,1234567890,PPG1,326978.87281249993
ABC Corp,West,Drug,Rx,West,2018,32,Widgets,A,1234567890,PPG1,611272.13
ABC Corp,North,Mass,SuperMart,North,2018,32,Widgets,A,1234512345,PPG1,147024.38
ABC Corp,East,Mass,SuperMart,East,2018,32,Widgets,A,1234512345,PPG1,201719.5
ABC Corp,South,Mass,SuperMart,Gulf Coast,2018,32,Widgets,A,1234512345,PPG1,828687.1867074372
ABC Corp,South,Mass,SuperMart,Deep South,2018,32,Widgets,A,1234512345,PPG1,126831.42666666667
ABC Corp,West,Mass,SuperMart,West,2018,32,Widgets,A,1234512345,PPG1,666337.8764380569
ABC Corp,North,Mass,BigCo,North,2018,32,Widgets,A,1234512345,PPG1,83571.02
ABC Corp,East,Mass,BigCo,East,2018,32,Widgets,A,1234512345,PPG1,810969.9385676548
ABC Corp,South,Mass,BigCo,South,2018,32,Widgets,A,1234512345,PPG1,606487.14
ABC Corp,West,Mass,BigCo,West,2018,32,Widgets,A,1234512345,PPG1,341224.60075510206
ABC Corp,North,Drug,Rx,North,2018,32,Widgets,A,1234512345,PPG1,575626.2769902245
ABC Corp,East,Drug,Rx,East,2018,32,Widgets,A,1234512345,PPG1,113787.26092648003
ABC Corp,South,Drug,Rx,South,2018,32,Widgets,A,1234512345,PPG1,88135.87372031578
ABC Corp,West,Drug,Rx,West,2018,32,Widgets,A,1234512345,PPG1,704510.3646932181
ABC Corp,North,Mass,SuperMart,North,2018,33,Widgets,A,1234567890,PPG1,525482.9948295896
ABC Corp,East,Mass,SuperMart,East,2018,33,Widgets,A,1234567890,PPG1,753027.3845193525
ABC Corp,South,Mass,SuperMart,Gulf Coast,2018,33,Widgets,A,1234567890,PPG1,382821.22136776726
ABC Corp,South,Mass,SuperMart,Deep South,2018,33,Widgets,A,1234567890,PPG1,345368.52241591027
ABC Corp,West,Mass,SuperMart,West,2018,33,Widgets,A,1234567890,PPG1,509616.1816454821
ABC Corp,North,Mass,BigCo,North,2018,33,Widgets,A,1234567890,PPG1,178450.26304750398
ABC Corp,East,Mass,BigCo,East,2018,33,Widgets,A,1234567890,PPG1,260973.6125
ABC Corp,South,Mass,BigCo,South,2018,33,Widgets,A,1234567890,PPG1,893153.63
ABC Corp,West,Mass,BigCo,West,2018,33,Widgets,A,1234567890,PPG1,682518.0702215498
ABC Corp,North,Drug,Rx,North,2018,33,Widgets,A,1234567890,PPG1,112976.29794556787
ABC Corp,East,Drug,Rx,East,2018,33,Widgets,A,1234567890,PPG1,647997.0893750001
ABC Corp,South,Drug,Rx,South,2018,33,Widgets,A,1234567890,PPG1,326978.87281249993
ABC Corp,West,Drug,Rx,West,2018,33,Widgets,A,1234567890,PPG1,611272.13
ABC Corp,North,Mass,SuperMart,North,2018,33,Widgets,A,1234512345,PPG1,147024.38
ABC Corp,East,Mass,SuperMart,East,2018,33,Widgets,A,1234512345,PPG1,201719.5
ABC Corp,South,Mass,SuperMart,Gulf Coast,2018,33,Widgets,A,1234512345,PPG1,827294.342544918
ABC Corp,South,Mass,SuperMart,Deep South,2018,33,Widgets,A,1234512345,PPG1,126831.42666666667
ABC Corp,West,Mass,SuperMart,West,2018,33,Widgets,A,1234512345,PPG1,660384.0318249734
ABC Corp,North,Mass,BigCo,North,2018,33,Widgets,A,1234512345,PPG1,83571.02
ABC Corp,East,Mass,BigCo,East,2018,33,Widgets,A,1234512345,PPG1,808541.9892138462
ABC Corp,South,Mass,BigCo,South,2018,33,Widgets,A,1234512345,PPG1,606487.14
ABC Corp,West,Mass,BigCo,West,2018,33,Widgets,A,1234512345,PPG1,338140.12823321
ABC Corp,North,Drug,Rx,North,2018,33,Widgets,A,1234512345,PPG1,566868.0929196007
ABC Corp,East,Drug,Rx,East,2018,33,Widgets,A,1234512345,PPG1,109866.57499392111
ABC Corp,South,Drug,Rx,South,2018,33,Widgets,A,1234512345,PPG1,87929.04245557656
ABC Corp,West,Drug,Rx,West,2018,33,Widgets,A,1234512345,PPG1,703453.0878779754
ABC Corp,North,Mass,SuperMart,North,2018,34,Widgets,A,1234567890,PPG1,539040.8725443252
ABC Corp,East,Mass,SuperMart,East,2018,34,Widgets,A,1234567890,PPG1,745383.2610348868
ABC Corp,South,Mass,SuperMart,Gulf Coast,2018,34,Widgets,A,1234567890,PPG1,383920.4777724398
ABC Corp,South,Mass,SuperMart,Deep South,2018,34,Widgets,A,1234567890,PPG1,335178.57427236164
ABC Corp,West,Mass,SuperMart,West,2018,34,Widgets,A,1234567890,PPG1,508507.51965521986
ABC Corp,North,Mass,BigCo,North,2018,34,Widgets,A,1234567890,PPG1,178210.8196123406
ABC Corp,East,Mass,BigCo,East,2018,34,Widgets,A,1234567890,PPG1,260973.6125
ABC Corp,South,Mass,BigCo,South,2018,34,Widgets,A,1234567890,PPG1,893153.63
ABC Corp,West,Mass,BigCo,West,2018,34,Widgets,A,1234567890,PPG1,686708.5414898257
ABC Corp,North,Drug,Rx,North,2018,34,Widgets,A,1234567890,PPG1,111544.07705510725
ABC Corp,East,Drug,Rx,East,2018,34,Widgets,A,1234567890,PPG1,648748.3523437501
ABC Corp,South,Drug,Rx,South,2018,34,Widgets,A,1234567890,PPG1,326978.87281249993
ABC Corp,West,Drug,Rx,West,2018,34,Widgets,A,1234567890,PPG1,611272.13
ABC Corp,North,Mass,SuperMart,North,2018,34,Widgets,A,1234512345,PPG1,147024.38
ABC Corp,East,Mass,SuperMart,East,2018,34,Widgets,A,1234512345,PPG1,201719.5
ABC Corp,South,Mass,SuperMart,Gulf Coast,2018,34,Widgets,A,1234512345,PPG1,825810.0469439318
ABC Corp,South,Mass,SuperMart,Deep South,2018,34,Widgets,A,1234512345,PPG1,126831.42666666667
ABC Corp,West,Mass,SuperMart,West,2018,34,Widgets,A,1234512345,PPG1,669528.0889603267
ABC Corp,North,Mass,BigCo,North,2018,34,Widgets,A,1234512345,PPG1,83571.02
ABC Corp,East,Mass,BigCo,East,2018,34,Widgets,A,1234512345,PPG1,789927.7646648748
ABC Corp,South,Mass,BigCo,South,2018,34,Widgets,A,1234512345,PPG1,606487.14
ABC Corp,West,Mass,BigCo,West,2018,34,Widgets,A,1234512345,PPG1,336809.8156252999
ABC Corp,North,Drug,Rx,North,2018,34,Widgets,A,1234512345,PPG1,558179.8070211553
ABC Corp,East,Drug,Rx,East,2018,34,Widgets,A,1234512345,PPG1,107030.9181730138
ABC Corp,South,Drug,Rx,South,2018,34,Widgets,A,1234512345,PPG1,87721.42283928295
ABC Corp,West,Drug,Rx,West,2018,34,Widgets,A,1234512345,PPG1,702395.8110627326
ABC Corp,North,Mass,SuperMart,North,2018,35,Widgets,A,1234567890,PPG1,531601.1516606363
ABC Corp,East,Mass,SuperMart,East,2018,35,Widgets,A,1234567890,PPG1,753343.2314173251
ABC Corp,South,Mass,SuperMart,Gulf Coast,2018,35,Widgets,A,1234567890,PPG1,385140.3986237852
ABC Corp,South,Mass,SuperMart,Deep South,2018,35,Widgets,A,1234567890,PPG1,334283.76889624394
ABC Corp,West,Mass,SuperMart,West,2018,35,Widgets,A,1234567890,PPG1,507398.85766495764
ABC Corp,North,Mass,BigCo,North,2018,35,Widgets,A,1234567890,PPG1,177971.3761771772
ABC Corp,East,Mass,BigCo,East,2018,35,Widgets,A,1234567890,PPG1,260973.6125
ABC Corp,South,Mass,BigCo,South,2018,35,Widgets,A,1234567890,PPG1,893153.63
ABC Corp,West,Mass,BigCo,West,2018,35,Widgets,A,1234567890,PPG1,692985.0460288329
ABC Corp,North,Drug,Rx,North,2018,35,Widgets,A,1234567890,PPG1,112955.06622692828
ABC Corp,East,Drug,Rx,East,2018,35,Widgets,A,1234567890,PPG1,649499.6153125
ABC Corp,South,Drug,Rx,South,2018,35,Widgets,A,1234567890,PPG1,326978.87281249993
ABC Corp,West,Drug,Rx,West,2018,35,Widgets,A,1234567890,PPG1,611272.13
ABC Corp,North,Mass,SuperMart,North,2018,35,Widgets,A,1234512345,PPG1,147024.38
ABC Corp,East,Mass,SuperMart,East,2018,35,Widgets,A,1234512345,PPG1,201719.5
ABC Corp,South,Mass,SuperMart,Gulf Coast,2018,35,Widgets,A,1234512345,PPG1,824233.0623170193
ABC Corp,South,Mass,SuperMart,Deep South,2018,35,Widgets,A,1234512345,PPG1,126831.42666666667
ABC Corp,West,Mass,SuperMart,West,2018,35,Widgets,A,1234512345,PPG1,660358.9152084503
ABC Corp,North,Mass,BigCo,North,2018,35,Widgets,A,1234512345,PPG1,83571.02
ABC Corp,East,Mass,BigCo,East,2018,35,Widgets,A,1234512345,PPG1,805555.4779646911
ABC Corp,South,Mass,BigCo,South,2018,35,Widgets,A,1234512345,PPG1,606487.14
ABC Corp,West,Mass,BigCo,West,2018,35,Widgets,A,1234512345,PPG1,332606.74533840554
ABC Corp,North,Drug,Rx,North,2018,35,Widgets,A,1234512345,PPG1,551825.7638597257
ABC Corp,East,Drug,Rx,East,2018,35,Widgets,A,1234512345,PPG1,107615.98061057473
ABC Corp,South,Drug,Rx,South,2018,35,Widgets,A,1234512345,PPG1,87513.01934813565
ABC Corp,West,Drug,Rx,West,2018,35,Widgets,A,1234512345,PPG1,701338.5342474898
ABC Corp,North,Mass,SuperMart,North,2018,36,Widgets,A,1234567890,PPG1,534526.5498979854
ABC Corp,East,Mass,SuperMart,East,2018,36,Widgets,A,1234567890,PPG1,735270.7237349907
ABC Corp,South,Mass,SuperMart,Gulf Coast,2018,36,Widgets,A,1234567890,PPG1,381720.3927492874
ABC Corp,South,Mass,SuperMart,Deep South,2018,36,Widgets,A,1234567890,PPG1,323996.12859127665
ABC Corp,West,Mass,SuperMart,West,2018,36,Widgets,A,1234567890,PPG1,506290.19567469537
ABC Corp,North,Mass,BigCo,North,2018,36,Widgets,A,1234567890,PPG1,177731.9327420138
ABC Corp,East,Mass,BigCo,East,2018,36,Widgets,A,1234567890,PPG1,260973.6125
ABC Corp,South,Mass,BigCo,South,2018,36,Widgets,A,1234567890,PPG1,893153.63
ABC Corp,West,Mass,BigCo,West,2018,36,Widgets,A,1234567890,PPG1,699259.1618797536
ABC Corp,North,Drug,Rx,North,2018,36,Widgets,A,1234567890,PPG1,115043.47360158071
ABC Corp,East,Drug,Rx,East,2018,36,Widgets,A,1234567890,PPG1,650250.87828125
ABC Corp,South,Drug,Rx,South,2018,36,Widgets,A,1234567890,PPG1,326978.87281249993
ABC Corp,West,Drug,Rx,West,2018,36,Widgets,A,1234567890,PPG1,611272.13
ABC Corp,North,Mass,SuperMart,North,2018,36,Widgets,A,1234512345,PPG1,147024.38
ABC Corp,East,Mass,SuperMart,East,2018,36,Widgets,A,1234512345,PPG1,201719.5
ABC Corp,South,Mass,SuperMart,Gulf Coast,2018,36,Widgets,A,1234512345,PPG1,822562.1510767215
ABC Corp,South,Mass,SuperMart,Deep South,2018,36,Widgets,A,1234512345,PPG1,126831.42666666667
ABC Corp,West,Mass,SuperMart,West,2018,36,Widgets,A,1234512345,PPG1,662507.8708586139
ABC Corp,North,Mass,BigCo,North,2018,36,Widgets,A,1234512345,PPG1,83571.02
ABC Corp,East,Mass,BigCo,East,2018,36,Widgets,A,1234512345,PPG1,775963.1516681088
ABC Corp,South,Mass,BigCo,South,2018,36,Widgets,A,1234512345,PPG1,606487.14
ABC Corp,West,Mass,BigCo,West,2018,36,Widgets,A,1234512345,PPG1,319909.8903303853
ABC Corp,North,Drug,Rx,North,2018,36,Widgets,A,1234512345,PPG1,544848.8076290671
ABC Corp,East,Drug,Rx,East,2018,36,Widgets,A,1234512345,PPG1,107288.99677083491
ABC Corp,South,Drug,Rx,South,2018,36,Widgets,A,1234512345,PPG1,87303.8364588354
ABC Corp,West,Drug,Rx,West,2018,36,Widgets,A,1234512345,PPG1,700281.257432247
ABC Corp,North,Mass,SuperMart,North,2018,37,Widgets,A,1234567890,PPG1,541511.3941248239
ABC Corp,East,Mass,SuperMart,East,2018,37,Widgets,A,1234567890,PPG1,714990.3072968563
ABC Corp,South,Mass,SuperMart,Gulf Coast,2018,37,Widgets,A,1234567890,PPG1,378184.7206734702
ABC Corp,South,Mass,SuperMart,Deep South,2018,37,Widgets,A,1234567890,PPG1,309926.1448169162
ABC Corp,West,Mass,SuperMart,West,2018,37,Widgets,A,1234567890,PPG1,505181.53368443315
ABC Corp,North,Mass,BigCo,North,2018,37,Widgets,A,1234567890,PPG1,177492.48930685042
ABC Corp,East,Mass,BigCo,East,2018,37,Widgets,A,1234567890,PPG1,260973.6125
ABC Corp,South,Mass,BigCo,South,2018,37,Widgets,A,1234567890,PPG1,893153.63
ABC Corp,West,Mass,BigCo,West,2018,37,Widgets,A,1234567890,PPG1,697690.8130555114
ABC Corp,North,Drug,Rx,North,2018,37,Widgets,A,1234567890,PPG1,113639.02419543685
ABC Corp,East,Drug,Rx,East,2018,37,Widgets,A,1234567890,PPG1,651002.1412500001
ABC Corp,South,Drug,Rx,South,2018,37,Widgets,A,1234567890,PPG1,326978.87281249993
ABC Corp,West,Drug,Rx,West,2018,37,Widgets,A,1234567890,PPG1,611272.13
ABC Corp,North,Mass,SuperMart,North,2018,37,Widgets,A,1234512345,PPG1,147024.38
ABC Corp,East,Mass,SuperMart,East,2018,37,Widgets,A,1234512345,PPG1,201719.5
ABC Corp,South,Mass,SuperMart,Gulf Coast,2018,37,Widgets,A,1234512345,PPG1,820796.0756355791
ABC Corp,South,Mass,SuperMart,Deep South,2018,37,Widgets,A,1234512345,PPG1,126831.42666666667
ABC Corp,West,Mass,SuperMart,West,2018,37,Widgets,A,1234512345,PPG1,663778.1362197998
ABC Corp,North,Mass,BigCo,North,2018,37,Widgets,A,1234512345,PPG1,83571.02
ABC Corp,East,Mass,BigCo,East,2018,37,Widgets,A,1234512345,PPG1,788321.7997326893
ABC Corp,South,Mass,BigCo,South,2018,37,Widgets,A,1234512345,PPG1,606487.14
ABC Corp,West,Mass,BigCo,West,2018,37,Widgets,A,1234512345,PPG1,318150.6825222774
ABC Corp,North,Drug,Rx,North,2018,37,Widgets,A,1234512345,PPG1,535512.7162075634
ABC Corp,East,Drug,Rx,East,2018,37,Widgets,A,1234512345,PPG1,107251.61639294395
ABC Corp,South,Drug,Rx,South,2018,37,Widgets,A,1234512345,PPG1,87093.87864808287
ABC Corp,West,Drug,Rx,West,2018,37,Widgets,A,1234512345,PPG1,699223.9806170042
ABC Corp,North,Mass,SuperMart,North,2018,38,Widgets,A,1234567890,PPG1,533881.6627749297
ABC Corp,East,Mass,SuperMart,East,2018,38,Widgets,A,1234567890,PPG1,715867.6809489887
ABC Corp,South,Mass,SuperMart,Gulf Coast,2018,38,Widgets,A,1234567890,PPG1,388471.6481431335
ABC Corp,South,Mass,SuperMart,Deep South,2018,38,Widgets,A,1234567890,PPG1,298108.24000391073
ABC Corp,West,Mass,SuperMart,West,2018,38,Widgets,A,1234567890,PPG1,504072.8716941709
ABC Corp,North,Mass,BigCo,North,2018,38,Widgets,A,1234567890,PPG1,177253.04587168703
ABC Corp,East,Mass,BigCo,East,2018,38,Widgets,A,1234567890,PPG1,260973.6125
ABC Corp,South,Mass,BigCo,South,2018,38,Widgets,A,1234567890,PPG1,893153.63
ABC Corp,West,Mass,BigCo,West,2018,38,Widgets,A,1234567890,PPG1,700499.8126377609
ABC Corp,North,Drug,Rx,North,2018,38,Widgets,A,1234567890,PPG1,113765.95576564541
ABC Corp,East,Drug,Rx,East,2018,38,Widgets,A,1234567890,PPG1,651753.4042187501
ABC Corp,South,Drug,Rx,South,2018,38,Widgets,A,1234567890,PPG1,326978.87281249993
ABC Corp,West,Drug,Rx,West,2018,38,Widgets,A,1234567890,PPG1,611272.13
ABC Corp,North,Mass,SuperMart,North,2018,38,Widgets,A,1234512345,PPG1,147024.38
ABC Corp,East,Mass,SuperMart,East,2018,38,Widgets,A,1234512345,PPG1,201719.5
ABC Corp,South,Mass,SuperMart,Gulf Coast,2018,38,Widgets,A,1234512345,PPG1,818933.5984061329
ABC Corp,South,Mass,SuperMart,Deep South,2018,38,Widgets,A,1234512345,PPG1,126831.42666666667
ABC Corp,West,Mass,SuperMart,West,2018,38,Widgets,A,1234512345,PPG1,666163.0294621685
ABC Corp,North,Mass,BigCo,North,2018,38,Widgets,A,1234512345,PPG1,83571.02
ABC Corp,East,Mass,BigCo,East,2018,38,Widgets,A,1234512345,PPG1,786964.2681349743
ABC Corp,South,Mass,BigCo,South,2018,38,Widgets,A,1234512345,PPG1,606487.14
ABC Corp,West,Mass,BigCo,West,2018,38,Widgets,A,1234512345,PPG1,314872.7182039397
ABC Corp,North,Drug,Rx,North,2018,38,Widgets,A,1234512345,PPG1,535183.8465208064
ABC Corp,East,Drug,Rx,East,2018,38,Widgets,A,1234512345,PPG1,106918.48616344434
ABC Corp,South,Drug,Rx,South,2018,38,Widgets,A,1234512345,PPG1,86883.1503925788
ABC Corp,West,Drug,Rx,West,2018,38,Widgets,A,1234512345,PPG1,698166.7038017615
ABC Corp,North,Mass,SuperMart,North,2018,39,Widgets,A,1234567890,PPG1,533648.6470071917
ABC Corp,East,Mass,SuperMart,East,2018,39,Widgets,A,1234567890,PPG1,717664.9133694323
ABC Corp,South,Mass,SuperMart,Gulf Coast,2018,39,Widgets,A,1234567890,PPG1,388067.9117155597
ABC Corp,South,Mass,SuperMart,Deep South,2018,39,Widgets,A,1234567890,PPG1,290897.44741189707
ABC Corp,West,Mass,SuperMart,West,2018,39,Widgets,A,1234567890,PPG1,502964.20970390865
ABC Corp,North,Mass,BigCo,North,2018,39,Widgets,A,1234567890,PPG1,177013.60243652365
ABC Corp,East,Mass,BigCo,East,2018,39,Widgets,A,1234567890,PPG1,260973.6125
ABC Corp,South,Mass,BigCo,South,2018,39,Widgets,A,1234567890,PPG1,893153.63
ABC Corp,West,Mass,BigCo,West,2018,39,Widgets,A,1234567890,PPG1,689893.7989395952
ABC Corp,North,Drug,Rx,North,2018,39,Widgets,A,1234567890,PPG1,113301.00360100379
ABC Corp,East,Drug,Rx,East,2018,39,Widgets,A,1234567890,PPG1,652504.6671875
ABC Corp,South,Drug,Rx,South,2018,39,Widgets,A,1234567890,PPG1,326978.87281249993
ABC Corp,West,Drug,Rx,West,2018,39,Widgets,A,1234567890,PPG1,611272.13
ABC Corp,North,Mass,SuperMart,North,2018,39,Widgets,A,1234512345,PPG1,147024.38
ABC Corp,East,Mass,SuperMart,East,2018,39,Widgets,A,1234512345,PPG1,201719.5
ABC Corp,South,Mass,SuperMart,Gulf Coast,2018,39,Widgets,A,1234512345,PPG1,816973.4818009238
ABC Corp,South,Mass,SuperMart,Deep South,2018,39,Widgets,A,1234512345,PPG1,126831.42666666667
ABC Corp,West,Mass,SuperMart,West,2018,39,Widgets,A,1234512345,PPG1,664726.2434545398
ABC Corp,North,Mass,BigCo,North,2018,39,Widgets,A,1234512345,PPG1,83571.02
ABC Corp,East,Mass,BigCo,East,2018,39,Widgets,A,1234512345,PPG1,776563.2864417789
ABC Corp,South,Mass,BigCo,South,2018,39,Widgets,A,1234512345,PPG1,606487.14
ABC Corp,West,Mass,BigCo,West,2018,39,Widgets,A,1234512345,PPG1,306934.4936663428
ABC Corp,North,Drug,Rx,North,2018,39,Widgets,A,1234512345,PPG1,526539.1677994832
ABC Corp,East,Drug,Rx,East,2018,39,Widgets,A,1234512345,PPG1,110097.856477161
ABC Corp,South,Drug,Rx,South,2018,39,Widgets,A,1234512345,PPG1,86671.65616902389
ABC Corp,West,Drug,Rx,West,2018,39,Widgets,A,1234512345,PPG1,697109.4269865187
ABC Corp,North,Mass,SuperMart,North,2018,40,Widgets,A,1234567890,PPG1,538555.764992355
ABC Corp,East,Mass,SuperMart,East,2018,40,Widgets,A,1234567890,PPG1,730168.314929347
ABC Corp,South,Mass,SuperMart,Gulf Coast,2018,40,Widgets,A,1234567890,PPG1,399074.1135689288
ABC Corp,South,Mass,SuperMart,Deep South,2018,40,Widgets,A,1234567890,PPG1,280192.6470010504
ABC Corp,West,Mass,SuperMart,West,2018,40,Widgets,A,1234567890,PPG1,501855.54771364643
ABC Corp,North,Mass,BigCo,North,2018,40,Widgets,A,1234567890,PPG1,176774.15900136024
ABC Corp,East,Mass,BigCo,East,2018,40,Widgets,A,1234567890,PPG1,260973.6125
ABC Corp,South,Mass,BigCo,South,2018,40,Widgets,A,1234567890,PPG1,893153.63
ABC Corp,West,Mass,BigCo,West,2018,40,Widgets,A,1234567890,PPG1,690389.2071424511
ABC Corp,North,Drug,Rx,North,2018,40,Widgets,A,1234567890,PPG1,113054.27258438709
ABC Corp,East,Drug,Rx,East,2018,40,Widgets,A,1234567890,PPG1,653255.93015625
ABC Corp,South,Drug,Rx,South,2018,40,Widgets,A,1234567890,PPG1,326978.87281249993
ABC Corp,West,Drug,Rx,West,2018,40,Widgets,A,1234567890,PPG1,611272.13
ABC Corp,North,Mass,SuperMart,North,2018,40,Widgets,A,1234512345,PPG1,147024.38
ABC Corp,East,Mass,SuperMart,East,2018,40,Widgets,A,1234512345,PPG1,201719.5
ABC Corp,South,Mass,SuperMart,Gulf Coast,2018,40,Widgets,A,1234512345,PPG1,814914.4882324927
ABC Corp,South,Mass,SuperMart,Deep South,2018,40,Widgets,A,1234512345,PPG1,126831.42666666667
ABC Corp,West,Mass,SuperMart,West,2018,40,Widgets,A,1234512345,PPG1,660579.1136066009
ABC Corp,North,Mass,BigCo,North,2018,40,Widgets,A,1234512345,PPG1,83571.02
ABC Corp,East,Mass,BigCo,East,2018,40,Widgets,A,1234512345,PPG1,779341.6940951158
ABC Corp,South,Mass,BigCo,South,2018,40,Widgets,A,1234512345,PPG1,606487.14
ABC Corp,West,Mass,BigCo,West,2018,40,Widgets,A,1234512345,PPG1,307051.4360636308
ABC Corp,North,Drug,Rx,North,2018,40,Widgets,A,1234512345,PPG1,524990.45564263
ABC Corp,East,Drug,Rx,East,2018,40,Widgets,A,1234512345,PPG1,111414.45689567049
ABC Corp,South,Drug,Rx,South,2018,40,Widgets,A,1234512345,PPG1,86459.40045411886
ABC Corp,West,Drug,Rx,West,2018,40,Widgets,A,1234512345,PPG1,696052.1501712758
ABC Corp,North,Mass,SuperMart,North,2018,41,Widgets,A,1234567890,PPG1,545949.236293263
ABC Corp,East,Mass,SuperMart,East,2018,41,Widgets,A,1234567890,PPG1,720302.1477980652
ABC Corp,South,Mass,SuperMart,Gulf Coast,2018,41,Widgets,A,1234567890,PPG1,404476.7747991766
ABC Corp,South,Mass,SuperMart,Deep South,2018,41,Widgets,A,1234567890,PPG1,277245.4570668323
ABC Corp,West,Mass,SuperMart,West,2018,41,Widgets,A,1234567890,PPG1,500746.8857233842
ABC Corp,North,Mass,BigCo,North,2018,41,Widgets,A,1234567890,PPG1,176534.71556619686
ABC Corp,East,Mass,BigCo,East,2018,41,Widgets,A,1234567890,PPG1,260973.6125
ABC Corp,South,Mass,BigCo,South,2018,41,Widgets,A,1234567890,PPG1,893153.63
ABC Corp,West,Mass,BigCo,West,2018,41,Widgets,A,1234567890,PPG1,689120.6466518916
ABC Corp,North,Drug,Rx,North,2018,41,Widgets,A,1234567890,PPG1,112421.0626807996
ABC Corp,East,Drug,Rx,East,2018,41,Widgets,A,1234567890,PPG1,654007.1931250001
ABC Corp,South,Drug,Rx,South,2018,41,Widgets,A,1234567890,PPG1,326978.87281249993
ABC Corp,West,Drug,Rx,West,2018,41,Widgets,A,1234567890,PPG1,611272.13
ABC Corp,North,Mass,SuperMart,North,2018,41,Widgets,A,1234512345,PPG1,147024.38
ABC Corp,East,Mass,SuperMart,East,2018,41,Widgets,A,1234512345,PPG1,201719.5
ABC Corp,South,Mass,SuperMart,Gulf Coast,2018,41,Widgets,A,1234512345,PPG1,812755.3801133803
ABC Corp,South,Mass,SuperMart,Deep South,2018,41,Widgets,A,1234512345,PPG1,126831.42666666667
ABC Corp,West,Mass,SuperMart,West,2018,41,Widgets,A,1234512345,PPG1,657734.4545041404
ABC Corp,North,Mass,BigCo,North,2018,41,Widgets,A,1234512345,PPG1,83571.02
ABC Corp,East,Mass,BigCo,East,2018,41,Widgets,A,1234512345,PPG1,778079.7770749583
ABC Corp,South,Mass,BigCo,South,2018,41,Widgets,A,1234512345,PPG1,606487.14
ABC Corp,West,Mass,BigCo,West,2018,41,Widgets,A,1234512345,PPG1,312554.4381302887
ABC Corp,North,Drug,Rx,North,2018,41,Widgets,A,1234512345,PPG1,526371.2798516735
ABC Corp,East,Drug,Rx,East,2018,41,Widgets,A,1234512345,PPG1,110470.75694783703
ABC Corp,South,Drug,Rx,South,2018,41,Widgets,A,1234512345,PPG1,86246.38772456441
ABC Corp,West,Drug,Rx,West,2018,41,Widgets,A,1234512345,PPG1,694994.873356033
ABC Corp,North,Mass,SuperMart,North,2018,42,Widgets,A,1234567890,PPG1,550651.2151120205
ABC Corp,East,Mass,SuperMart,East,2018,42,Widgets,A,1234567890,PPG1,727590.7100678893
ABC Corp,South,Mass,SuperMart,Gulf Coast,2018,42,Widgets,A,1234567890,PPG1,395154.5949679035
ABC Corp,South,Mass,SuperMart,Deep South,2018,42,Widgets,A,1234567890,PPG1,278401.4910825992
ABC Corp,West,Mass,SuperMart,West,2018,42,Widgets,A,1234567890,PPG1,499638.22373312194
ABC Corp,North,Mass,BigCo,North,2018,42,Widgets,A,1234567890,PPG1,176295.27213103347
ABC Corp,East,Mass,BigCo,East,2018,42,Widgets,A,1234567890,PPG1,260973.6125
ABC Corp,South,Mass,BigCo,South,2018,42,Widgets,A,1234567890,PPG1,893153.63
ABC Corp,West,Mass,BigCo,West,2018,42,Widgets,A,1234567890,PPG1,691458.0784487877
ABC Corp,North,Drug,Rx,North,2018,42,Widgets,A,1234567890,PPG1,111359.34537230757
ABC Corp,East,Drug,Rx,East,2018,42,Widgets,A,1234567890,PPG1,654758.4560937501
ABC Corp,South,Drug,Rx,South,2018,42,Widgets,A,1234567890,PPG1,326978.87281249993
ABC Corp,West,Drug,Rx,West,2018,42,Widgets,A,1234567890,PPG1,611272.13
ABC Corp,North,Mass,SuperMart,North,2018,42,Widgets,A,1234512345,PPG1,147024.38
ABC Corp,East,Mass,SuperMart,East,2018,42,Widgets,A,1234512345,PPG1,201719.5
ABC Corp,South,Mass,SuperMart,Gulf Coast,2018,42,Widgets,A,1234512345,PPG1,810494.9198561274
ABC Corp,South,Mass,SuperMart,Deep South,2018,42,Widgets,A,1234512345,PPG1,126831.42666666667
ABC Corp,West,Mass,SuperMart,West,2018,42,Widgets,A,1234512345,PPG1,644890.2159618259
ABC Corp,North,Mass,BigCo,North,2018,42,Widgets,A,1234512345,PPG1,83571.02
ABC Corp,East,Mass,BigCo,East,2018,42,Widgets,A,1234512345,PPG1,788258.0959366297
ABC Corp,South,Mass,BigCo,South,2018,42,Widgets,A,1234512345,PPG1,606487.14
ABC Corp,West,Mass,BigCo,West,2018,42,Widgets,A,1234512345,PPG1,315496.48888129485
ABC Corp,North,Drug,Rx,North,2018,42,Widgets,A,1234512345,PPG1,516435.8225346882
ABC Corp,East,Drug,Rx,East,2018,42,Widgets,A,1234512345,PPG1,112182.86954934245
ABC Corp,South,Drug,Rx,South,2018,42,Widgets,A,1234512345,PPG1,86032.62245706125
ABC Corp,West,Drug,Rx,West,2018,42,Widgets,A,1234512345,PPG1,693937.5965407903
ABC Corp,North,Mass,SuperMart,North,2018,43,Widgets,A,1234567890,PPG1,556733.9979774852
ABC Corp,East,Mass,SuperMart,East,2018,43,Widgets,A,1234567890,PPG1,719256.8952474743
ABC Corp,South,Mass,SuperMart,Gulf Coast,2018,43,Widgets,A,1234567890,PPG1,400013.7253159207
ABC Corp,South,Mass,SuperMart,Deep South,2018,43,Widgets,A,1234567890,PPG1,273120.89822429465
ABC Corp,West,Mass,SuperMart,West,2018,43,Widgets,A,1234567890,PPG1,498529.5617428597
ABC Corp,North,Mass,BigCo,North,2018,43,Widgets,A,1234567890,PPG1,176055.8286958701
ABC Corp,East,Mass,BigCo,East,2018,43,Widgets,A,1234567890,PPG1,260973.6125
ABC Corp,South,Mass,BigCo,South,2018,43,Widgets,A,1234567890,PPG1,893153.63
ABC Corp,West,Mass,BigCo,West,2018,43,Widgets,A,1234567890,PPG1,694415.4730294993
ABC Corp,North,Drug,Rx,North,2018,43,Widgets,A,1234567890,PPG1,110579.98964803688
ABC Corp,East,Drug,Rx,East,2018,43,Widgets,A,1234567890,PPG1,655509.7190625
ABC Corp,South,Drug,Rx,South,2018,43,Widgets,A,1234567890,PPG1,326978.87281249993
ABC Corp,West,Drug,Rx,West,2018,43,Widgets,A,1234567890,PPG1,611272.13
ABC Corp,North,Mass,SuperMart,North,2018,43,Widgets,A,1234512345,PPG1,147024.38
ABC Corp,East,Mass,SuperMart,East,2018,43,Widgets,A,1234512345,PPG1,201719.5
ABC Corp,South,Mass,SuperMart,Gulf Coast,2018,43,Widgets,A,1234512345,PPG1,808131.8698732748
ABC Corp,South,Mass,SuperMart,Deep South,2018,43,Widgets,A,1234512345,PPG1,126831.42666666667
ABC Corp,West,Mass,SuperMart,West,2018,43,Widgets,A,1234512345,PPG1,646936.6142100256
ABC Corp,North,Mass,BigCo,North,2018,43,Widgets,A,1234512345,PPG1,83571.02
ABC Corp,East,Mass,BigCo,East,2018,43,Widgets,A,1234512345,PPG1,768105.8372979559
ABC Corp,South,Mass,BigCo,South,2018,43,Widgets,A,1234512345,PPG1,606487.14
ABC Corp,West,Mass,BigCo,West,2018,43,Widgets,A,1234512345,PPG1,305854.79840098094
ABC Corp,North,Drug,Rx,North,2018,43,Widgets,A,1234512345,PPG1,526787.0178914709
ABC Corp,East,Drug,Rx,East,2018,43,Widgets,A,1234512345,PPG1,114631.99079312368
ABC Corp,South,Drug,Rx,South,2018,43,Widgets,A,1234512345,PPG1,85818.1091283101
ABC Corp,West,Drug,Rx,West,2018,43,Widgets,A,1234512345,PPG1,692880.3197255475
ABC Corp,North,Mass,SuperMart,North,2018,44,Widgets,A,1234567890,PPG1,561942.1087039289
ABC Corp,East,Mass,SuperMart,East,2018,44,Widgets,A,1234567890,PPG1,707000.7217631165
ABC Corp,South,Mass,SuperMart,Gulf Coast,2018,44,Widgets,A,1234567890,PPG1,398786.4941925353
ABC Corp,South,Mass,SuperMart,Deep South,2018,44,Widgets,A,1234567890,PPG1,277162.61723893776
ABC Corp,West,Mass,SuperMart,West,2018,44,Widgets,A,1234567890,PPG1,497420.89975259744
ABC Corp,North,Mass,BigCo,North,2018,44,Widgets,A,1234567890,PPG1,175816.3852607067
ABC Corp,East,Mass,BigCo,East,2018,44,Widgets,A,1234567890,PPG1,260973.6125
ABC Corp,South,Mass,BigCo,South,2018,44,Widgets,A,1234567890,PPG1,893153.63
ABC Corp,West,Mass,BigCo,West,2018,44,Widgets,A,1234567890,PPG1,698598.3372303288
ABC Corp,North,Drug,Rx,North,2018,44,Widgets,A,1234567890,PPG1,110794.03133371192
ABC Corp,East,Drug,Rx,East,2018,44,Widgets,A,1234567890,PPG1,656260.98203125
ABC Corp,South,Drug,Rx,South,2018,44,Widgets,A,1234567890,PPG1,326978.87281249993
ABC Corp,West,Drug,Rx,West,2018,44,Widgets,A,1234567890,PPG1,611272.13
ABC Corp,North,Mass,SuperMart,North,2018,44,Widgets,A,1234512345,PPG1,147024.38
ABC Corp,East,Mass,SuperMart,East,2018,44,Widgets,A,1234512345,PPG1,201719.5
ABC Corp,South,Mass,SuperMart,Gulf Coast,2018,44,Widgets,A,1234512345,PPG1,805664.9925773635
ABC Corp,South,Mass,SuperMart,Deep South,2018,44,Widgets,A,1234512345,PPG1,126831.42666666667
ABC Corp,West,Mass,SuperMart,West,2018,44,Widgets,A,1234512345,PPG1,643187.9478754468
ABC Corp,North,Mass,BigCo,North,2018,44,Widgets,A,1234512345,PPG1,83571.02
ABC Corp,East,Mass,BigCo,East,2018,44,Widgets,A,1234512345,PPG1,784319.8844331026
ABC Corp,South,Mass,BigCo,South,2018,44,Widgets,A,1234512345,PPG1,606487.14
ABC Corp,West,Mass,BigCo,West,2018,44,Widgets,A,1234512345,PPG1,296132.3743230334
ABC Corp,North,Drug,Rx,North,2018,44,Widgets,A,1234512345,PPG1,526714.7680232365
ABC Corp,East,Drug,Rx,East,2018,44,Widgets,A,1234512345,PPG1,112463.04011708958
ABC Corp,South,Drug,Rx,South,2018,44,Widgets,A,1234512345,PPG1,85602.85221501168
ABC Corp,West,Drug,Rx,West,2018,44,Widgets,A,1234512345,PPG1,691823.0429103047
ABC Corp,North,Mass,SuperMart,North,2018,45,Widgets,A,1234567890,PPG1,565342.7255297971
ABC Corp,East,Mass,SuperMart,East,2018,45,Widgets,A,1234567890,PPG1,700120.0457440071
ABC Corp,South,Mass,SuperMart,Gulf Coast,2018,45,Widgets,A,1234567890,PPG1,412682.29572068807
ABC Corp,South,Mass,SuperMart,Deep South,2018,45,Widgets,A,1234567890,PPG1,287395.6130696912
ABC Corp,West,Mass,SuperMart,West,2018,45,Widgets,A,1234567890,PPG1,496312.2377623352
ABC Corp,North,Mass,BigCo,North,2018,45,Widgets,A,1234567890,PPG1,175576.9418255433
ABC Corp,East,Mass,BigCo,East,2018,45,Widgets,A,1234567890,PPG1,260973.6125
ABC Corp,South,Mass,BigCo,South,2018,45,Widgets,A,1234567890,PPG1,893153.63
ABC Corp,West,Mass,BigCo,West,2018,45,Widgets,A,1234567890,PPG1,704099.384997637
ABC Corp,North,Drug,Rx,North,2018,45,Widgets,A,1234567890,PPG1,109631.75371288089
ABC Corp,East,Drug,Rx,East,2018,45,Widgets,A,1234567890,PPG1,657012.2450000001
ABC Corp,South,Drug,Rx,South,2018,45,Widgets,A,1234567890,PPG1,326978.87281249993
ABC Corp,West,Drug,Rx,West,2018,45,Widgets,A,1234567890,PPG1,611272.13
ABC Corp,North,Mass,SuperMart,North,2018,45,Widgets,A,1234512345,PPG1,147024.38
ABC Corp,East,Mass,SuperMart,East,2018,45,Widgets,A,1234512345,PPG1,201719.5
ABC Corp,South,Mass,SuperMart,Gulf Coast,2018,45,Widgets,A,1234512345,PPG1,803093.0503809341
ABC Corp,South,Mass,SuperMart,Deep South,2018,45,Widgets,A,1234512345,PPG1,126831.42666666667
ABC Corp,West,Mass,SuperMart,West,2018,45,Widgets,A,1234512345,PPG1,648041.3295439649
ABC Corp,North,Mass,BigCo,North,2018,45,Widgets,A,1234512345,PPG1,83571.02
ABC Corp,East,Mass,BigCo,East,2018,45,Widgets,A,1234512345,PPG1,781812.916056473
ABC Corp,South,Mass,BigCo,South,2018,45,Widgets,A,1234512345,PPG1,606487.14
ABC Corp,West,Mass,BigCo,West,2018,45,Widgets,A,1234512345,PPG1,295281.56565098494
ABC Corp,North,Drug,Rx,North,2018,45,Widgets,A,1234512345,PPG1,523427.49457477086
ABC Corp,East,Drug,Rx,East,2018,45,Widgets,A,1234512345,PPG1,111262.0868745849
ABC Corp,South,Drug,Rx,South,2018,45,Widgets,A,1234512345,PPG1,85386.85619386667
ABC Corp,West,Drug,Rx,West,2018,45,Widgets,A,1234512345,PPG1,690765.7660950619
ABC Corp,North,Mass,SuperMart,North,2018,46,Widgets,A,1234567890,PPG1,571387.2883358543
ABC Corp,East,Mass,SuperMart,East,2018,46,Widgets,A,1234567890,PPG1,680316.0861678887
ABC Corp,South,Mass,SuperMart,Gulf Coast,2018,46,Widgets,A,1234567890,PPG1,419797.7922671903
ABC Corp,South,Mass,SuperMart,Deep South,2018,46,Widgets,A,1234567890,PPG1,296081.58571871504
ABC Corp,West,Mass,SuperMart,West,2018,46,Widgets,A,1234567890,PPG1,495203.575772073
ABC Corp,North,Mass,BigCo,North,2018,46,Widgets,A,1234567890,PPG1,175337.49839037991
ABC Corp,East,Mass,BigCo,East,2018,46,Widgets,A,1234567890,PPG1,260973.6125
ABC Corp,South,Mass,BigCo,South,2018,46,Widgets,A,1234567890,PPG1,893153.63
ABC Corp,West,Mass,BigCo,West,2018,46,Widgets,A,1234567890,PPG1,706682.8778574843
ABC Corp,North,Drug,Rx,North,2018,46,Widgets,A,1234567890,PPG1,110598.3173829155
ABC Corp,East,Drug,Rx,East,2018,46,Widgets,A,1234567890,PPG1,657763.5079687501
ABC Corp,South,Drug,Rx,South,2018,46,Widgets,A,1234567890,PPG1,326978.87281249993
ABC Corp,West,Drug,Rx,West,2018,46,Widgets,A,1234567890,PPG1,611272.13
ABC Corp,North,Mass,SuperMart,North,2018,46,Widgets,A,1234512345,PPG1,147024.38
ABC Corp,East,Mass,SuperMart,East,2018,46,Widgets,A,1234512345,PPG1,201719.5
ABC Corp,South,Mass,SuperMart,Gulf Coast,2018,46,Widgets,A,1234512345,PPG1,800414.8056965278
ABC Corp,South,Mass,SuperMart,Deep South,2018,46,Widgets,A,1234512345,PPG1,126831.42666666667
ABC Corp,West,Mass,SuperMart,West,2018,46,Widgets,A,1234512345,PPG1,654355.6344072882
ABC Corp,North,Mass,BigCo,North,2018,46,Widgets,A,1234512345,PPG1,83571.02
ABC Corp,East,Mass,BigCo,East,2018,46,Widgets,A,1234512345,PPG1,773845.4795923822
ABC Corp,South,Mass,BigCo,South,2018,46,Widgets,A,1234512345,PPG1,606487.14
ABC Corp,West,Mass,BigCo,West,2018,46,Widgets,A,1234512345,PPG1,296232.56581684225
ABC Corp,North,Drug,Rx,North,2018,46,Widgets,A,1234512345,PPG1,525419.0566086947
ABC Corp,East,Drug,Rx,East,2018,46,Widgets,A,1234512345,PPG1,112174.6986714625
ABC Corp,South,Drug,Rx,South,2018,46,Widgets,A,1234512345,PPG1,85170.1255415758
ABC Corp,West,Drug,Rx,West,2018,46,Widgets,A,1234512345,PPG1,689708.4892798191
ABC Corp,North,Mass,SuperMart,North,2018,47,Widgets,A,1234567890,PPG1,570605.0470117702
ABC Corp,East,Mass,SuperMart,East,2018,47,Widgets,A,1234567890,PPG1,681861.0179983395
ABC Corp,South,Mass,SuperMart,Gulf Coast,2018,47,Widgets,A,1234567890,PPG1,422026.2707035139
ABC Corp,South,Mass,SuperMart,Deep South,2018,47,Widgets,A,1234567890,PPG1,297635.3932119216
ABC Corp,West,Mass,SuperMart,West,2018,47,Widgets,A,1234567890,PPG1,494094.9137818107
ABC Corp,North,Mass,BigCo,North,2018,47,Widgets,A,1234567890,PPG1,175098.05495521653
ABC Corp,East,Mass,BigCo,East,2018,47,Widgets,A,1234567890,PPG1,260973.6125
ABC Corp,South,Mass,BigCo,South,2018,47,Widgets,A,1234567890,PPG1,893153.63
ABC Corp,West,Mass,BigCo,West,2018,47,Widgets,A,1234567890,PPG1,707815.0963519494
ABC Corp,North,Drug,Rx,North,2018,47,Widgets,A,1234567890,PPG1,112601.51079820993
ABC Corp,East,Drug,Rx,East,2018,47,Widgets,A,1234567890,PPG1,658514.7709375
ABC Corp,South,Drug,Rx,South,2018,47,Widgets,A,1234567890,PPG1,326978.87281249993
ABC Corp,West,Drug,Rx,West,2018,47,Widgets,A,1234567890,PPG1,611272.13
ABC Corp,North,Mass,SuperMart,North,2018,47,Widgets,A,1234512345,PPG1,147024.38
ABC Corp,East,Mass,SuperMart,East,2018,47,Widgets,A,1234512345,PPG1,201719.5
ABC Corp,South,Mass,SuperMart,Gulf Coast,2018,47,Widgets,A,1234512345,PPG1,797629.0209366849
ABC Corp,South,Mass,SuperMart,Deep South,2018,47,Widgets,A,1234512345,PPG1,126831.42666666667
ABC Corp,West,Mass,SuperMart,West,2018,47,Widgets,A,1234512345,PPG1,656633.2539333665
ABC Corp,North,Mass,BigCo,North,2018,47,Widgets,A,1234512345,PPG1,83571.02
ABC Corp,East,Mass,BigCo,East,2018,47,Widgets,A,1234512345,PPG1,781791.3239548408
ABC Corp,South,Mass,BigCo,South,2018,47,Widgets,A,1234512345,PPG1,606487.14
ABC Corp,West,Mass,BigCo,West,2018,47,Widgets,A,1234512345,PPG1,294926.6642968149
ABC Corp,North,Drug,Rx,North,2018,47,Widgets,A,1234512345,PPG1,525440.1856176335
ABC Corp,East,Drug,Rx,East,2018,47,Widgets,A,1234512345,PPG1,110804.46873646158
ABC Corp,South,Drug,Rx,South,2018,47,Widgets,A,1234512345,PPG1,84952.6647348398
ABC Corp,West,Drug,Rx,West,2018,47,Widgets,A,1234512345,PPG1,688651.2124645762
ABC Corp,North,Mass,SuperMart,North,2018,48,Widgets,A,1234567890,PPG1,568466.3446512097
ABC Corp,East,Mass,SuperMart,East,2018,48,Widgets,A,1234567890,PPG1,672848.4586962402
ABC Corp,South,Mass,SuperMart,Gulf Coast,2018,48,Widgets,A,1234567890,PPG1,424313.2228768133
ABC Corp,South,Mass,SuperMart,Deep South,2018,48,Widgets,A,1234567890,PPG1,309650.8123365507
ABC Corp,West,Mass,SuperMart,West,2018,48,Widgets,A,1234567890,PPG1,492986.2517915485
ABC Corp,North,Mass,BigCo,North,2018,48,Widgets,A,1234567890,PPG1,174858.61152005312
ABC Corp,East,Mass,BigCo,East,2018,48,Widgets,A,1234567890,PPG1,260973.6125
ABC Corp,South,Mass,BigCo,South,2018,48,Widgets,A,1234567890,PPG1,893153.63
ABC Corp,West,Mass,BigCo,West,2018,48,Widgets,A,1234567890,PPG1,704566.5625599164
ABC Corp,North,Drug,Rx,North,2018,48,Widgets,A,1234567890,PPG1,113140.51944062074
ABC Corp,East,Drug,Rx,East,2018,48,Widgets,A,1234567890,PPG1,659266.03390625
ABC Corp,South,Drug,Rx,South,2018,48,Widgets,A,1234567890,PPG1,326978.87281249993
ABC Corp,West,Drug,Rx,West,2018,48,Widgets,A,1234567890,PPG1,611272.13
ABC Corp,North,Mass,SuperMart,North,2018,48,Widgets,A,1234512345,PPG1,147024.38
ABC Corp,East,Mass,SuperMart,East,2018,48,Widgets,A,1234512345,PPG1,201719.5
ABC Corp,South,Mass,SuperMart,Gulf Coast,2018,48,Widgets,A,1234512345,PPG1,794734.4585139467
ABC Corp,South,Mass,SuperMart,Deep South,2018,48,Widgets,A,1234512345,PPG1,126831.42666666667
ABC Corp,West,Mass,SuperMart,West,2018,48,Widgets,A,1234512345,PPG1,658499.2552654949
ABC Corp,North,Mass,BigCo,North,2018,48,Widgets,A,1234512345,PPG1,83571.02
ABC Corp,East,Mass,BigCo,East,2018,48,Widgets,A,1234512345,PPG1,771537.4142803452
ABC Corp,South,Mass,BigCo,South,2018,48,Widgets,A,1234512345,PPG1,606487.14
ABC Corp,West,Mass,BigCo,West,2018,48,Widgets,A,1234512345,PPG1,301488.3699159035
ABC Corp,North,Drug,Rx,North,2018,48,Widgets,A,1234512345,PPG1,529729.8528485218
ABC Corp,East,Drug,Rx,East,2018,48,Widgets,A,1234512345,PPG1,112920.8187623231
ABC Corp,South,Drug,Rx,South,2018,48,Widgets,A,1234512345,PPG1,84734.47825035936
ABC Corp,West,Drug,Rx,West,2018,48,Widgets,A,1234512345,PPG1,687593.9356493335
ABC Corp,North,Mass,SuperMart,North,2018,49,Widgets,A,1234567890,PPG1,567245.5605519094
ABC Corp,East,Mass,SuperMart,East,2018,49,Widgets,A,1234567890,PPG1,685881.4355668145
ABC Corp,South,Mass,SuperMart,Gulf Coast,2018,49,Widgets,A,1234567890,PPG1,419827.22301546996
ABC Corp,South,Mass,SuperMart,Deep South,2018,49,Widgets,A,1234567890,PPG1,315368.36747014726
ABC Corp,West,Mass,SuperMart,West,2018,49,Widgets,A,1234567890,PPG1,491877.5898012863
ABC Corp,North,Mass,BigCo,North,2018,49,Widgets,A,1234567890,PPG1,174619.16808488974
ABC Corp,East,Mass,BigCo,East,2018,49,Widgets,A,1234567890,PPG1,260973.6125
ABC Corp,South,Mass,BigCo,South,2018,49,Widgets,A,1234567890,PPG1,893153.63
ABC Corp,West,Mass,BigCo,West,2018,49,Widgets,A,1234567890,PPG1,704132.4915919774
ABC Corp,North,Drug,Rx,North,2018,49,Widgets,A,1234567890,PPG1,114255.09048734796
ABC Corp,East,Drug,Rx,East,2018,49,Widgets,A,1234567890,PPG1,660017.2968750001
ABC Corp,South,Drug,Rx,South,2018,49,Widgets,A,1234567890,PPG1,326978.87281249993
ABC Corp,West,Drug,Rx,West,2018,49,Widgets,A,1234567890,PPG1,611272.13
ABC Corp,North,Mass,SuperMart,North,2018,49,Widgets,A,1234512345,PPG1,147024.38
ABC Corp,East,Mass,SuperMart,East,2018,49,Widgets,A,1234512345,PPG1,201719.5
ABC Corp,South,Mass,SuperMart,Gulf Coast,2018,49,Widgets,A,1234512345,PPG1,791729.8808408538
ABC Corp,South,Mass,SuperMart,Deep South,2018,49,Widgets,A,1234512345,PPG1,126831.42666666667
ABC Corp,West,Mass,SuperMart,West,2018,49,Widgets,A,1234512345,PPG1,658213.3370577979
ABC Corp,North,Mass,BigCo,North,2018,49,Widgets,A,1234512345,PPG1,83571.02
ABC Corp,East,Mass,BigCo,East,2018,49,Widgets,A,1234512345,PPG1,778676.2081711426
ABC Corp,South,Mass,BigCo,South,2018,49,Widgets,A,1234512345,PPG1,606487.14
ABC Corp,West,Mass,BigCo,West,2018,49,Widgets,A,1234512345,PPG1,303226.93624039594
ABC Corp,North,Drug,Rx,North,2018,49,Widgets,A,1234512345,PPG1,535342.1134850235
ABC Corp,East,Drug,Rx,East,2018,49,Widgets,A,1234512345,PPG1,111702.71196493326
ABC Corp,South,Drug,Rx,South,2018,49,Widgets,A,1234512345,PPG1,84515.57056483517
ABC Corp,West,Drug,Rx,West,2018,49,Widgets,A,1234512345,PPG1,686536.6588340907
ABC Corp,North,Mass,SuperMart,North,2018,50,Widgets,A,1234567890,PPG1,569369.8096824321
ABC Corp,East,Mass,SuperMart,East,2018,50,Widgets,A,1234567890,PPG1,680223.96617584
ABC Corp,South,Mass,SuperMart,Gulf Coast,2018,50,Widgets,A,1234567890,PPG1,420848.8324439843
ABC Corp,South,Mass,SuperMart,Deep South,2018,50,Widgets,A,1234567890,PPG1,320785.7412304267
ABC Corp,West,Mass,SuperMart,West,2018,50,Widgets,A,1234567890,PPG1,490768.927811024
ABC Corp,North,Mass,BigCo,North,2018,50,Widgets,A,1234567890,PPG1,174379.72464972635
ABC Corp,East,Mass,BigCo,East,2018,50,Widgets,A,1234567890,PPG1,260973.6125
ABC Corp,South,Mass,BigCo,South,2018,50,Widgets,A,1234567890,PPG1,893153.63
ABC Corp,West,Mass,BigCo,West,2018,50,Widgets,A,1234567890,PPG1,700696.9497419936
ABC Corp,North,Drug,Rx,North,2018,50,Widgets,A,1234567890,PPG1,115820.90922874014
ABC Corp,East,Drug,Rx,East,2018,50,Widgets,A,1234567890,PPG1,660768.5598437501
ABC Corp,South,Drug,Rx,South,2018,50,Widgets,A,1234567890,PPG1,326978.87281249993
ABC Corp,West,Drug,Rx,West,2018,50,Widgets,A,1234567890,PPG1,611272.13
ABC Corp,North,Mass,SuperMart,North,2018,50,Widgets,A,1234512345,PPG1,147024.38
ABC Corp,East,Mass,SuperMart,East,2018,50,Widgets,A,1234512345,PPG1,201719.5
ABC Corp,South,Mass,SuperMart,Gulf Coast,2018,50,Widgets,A,1234512345,PPG1,788614.050329947
ABC Corp,South,Mass,SuperMart,Deep South,2018,50,Widgets,A,1234512345,PPG1,126831.42666666667
ABC Corp,West,Mass,SuperMart,West,2018,50,Widgets,A,1234512345,PPG1,662061.818536939
ABC Corp,North,Mass,BigCo,North,2018,50,Widgets,A,1234512345,PPG1,83571.02
ABC Corp,East,Mass,BigCo,East,2018,50,Widgets,A,1234512345,PPG1,772628.1153973822
ABC Corp,South,Mass,BigCo,South,2018,50,Widgets,A,1234512345,PPG1,606487.14
ABC Corp,West,Mass,BigCo,West,2018,50,Widgets,A,1234512345,PPG1,299507.6401399387
ABC Corp,North,Drug,Rx,North,2018,50,Widgets,A,1234512345,PPG1,538720.6361861171
ABC Corp,East,Drug,Rx,East,2018,50,Widgets,A,1234512345,PPG1,110193.01226930707
ABC Corp,South,Drug,Rx,South,2018,50,Widgets,A,1234512345,PPG1,84295.94615496798
ABC Corp,West,Drug,Rx,West,2018,50,Widgets,A,1234512345,PPG1,685479.382018848
ABC Corp,North,Mass,SuperMart,North,2018,51,Widgets,A,1234567890,PPG1,571911.3729964203
ABC Corp,East,Mass,SuperMart,East,2018,51,Widgets,A,1234567890,PPG1,675419.5266727254
ABC Corp,South,Mass,SuperMart,Gulf Coast,2018,51,Widgets,A,1234567890,PPG1,426971.64721440594
ABC Corp,South,Mass,SuperMart,Deep South,2018,51,Widgets,A,1234567890,PPG1,327755.8534548122
ABC Corp,West,Mass,SuperMart,West,2018,51,Widgets,A,1234567890,PPG1,489660.2658207618
ABC Corp,North,Mass,BigCo,North,2018,51,Widgets,A,1234567890,PPG1,174140.28121456297
ABC Corp,East,Mass,BigCo,East,2018,51,Widgets,A,1234567890,PPG1,260973.6125
ABC Corp,South,Mass,BigCo,South,2018,51,Widgets,A,1234567890,PPG1,893153.63
ABC Corp,West,Mass,BigCo,West,2018,51,Widgets,A,1234567890,PPG1,701532.4880237932
ABC Corp,North,Drug,Rx,North,2018,51,Widgets,A,1234567890,PPG1,116025.5578026406
ABC Corp,East,Drug,Rx,East,2018,51,Widgets,A,1234567890,PPG1,661519.8228125001
ABC Corp,South,Drug,Rx,South,2018,51,Widgets,A,1234567890,PPG1,326978.87281249993
ABC Corp,West,Drug,Rx,West,2018,51,Widgets,A,1234567890,PPG1,611272.13
ABC Corp,North,Mass,SuperMart,North,2018,51,Widgets,A,1234512345,PPG1,147024.38
ABC Corp,East,Mass,SuperMart,East,2018,51,Widgets,A,1234512345,PPG1,201719.5
ABC Corp,South,Mass,SuperMart,Gulf Coast,2018,51,Widgets,A,1234512345,PPG1,785385.7293937671
ABC Corp,South,Mass,SuperMart,Deep South,2018,51,Widgets,A,1234512345,PPG1,126831.42666666667
ABC Corp,West,Mass,SuperMart,West,2018,51,Widgets,A,1234512345,PPG1,660358.8782973529
ABC Corp,North,Mass,BigCo,North,2018,51,Widgets,A,1234512345,PPG1,83571.02
ABC Corp,East,Mass,BigCo,East,2018,51,Widgets,A,1234512345,PPG1,775061.8393604867
ABC Corp,South,Mass,BigCo,South,2018,51,Widgets,A,1234512345,PPG1,606487.14
ABC Corp,West,Mass,BigCo,West,2018,51,Widgets,A,1234512345,PPG1,298272.6621343857
ABC Corp,North,Drug,Rx,North,2018,51,Widgets,A,1234512345,PPG1,542702.1277125261
ABC Corp,East,Drug,Rx,East,2018,51,Widgets,A,1234512345,PPG1,110824.5590699324
ABC Corp,South,Drug,Rx,South,2018,51,Widgets,A,1234512345,PPG1,84075.60949745848
ABC Corp,West,Drug,Rx,West,2018,51,Widgets,A,1234512345,PPG1,684422.1052036051
ABC Corp,North,Mass,SuperMart,North,2018,52,Widgets,A,1234567890,PPG1,571927.783145574
ABC Corp,East,Mass,SuperMart,East,2018,52,Widgets,A,1234567890,PPG1,673821.3807386879
ABC Corp,South,Mass,SuperMart,Gulf Coast,2018,52,Widgets,A,1234567890,PPG1,434116.96438419895
ABC Corp,South,Mass,SuperMart,Deep South,2018,52,Widgets,A,1234567890,PPG1,337268.97606671887
ABC Corp,West,Mass,SuperMart,West,2018,52,Widgets,A,1234567890,PPG1,488551.6038304996
ABC Corp,North,Mass,BigCo,North,2018,52,Widgets,A,1234567890,PPG1,173900.8377793996
ABC Corp,East,Mass,BigCo,East,2018,52,Widgets,A,1234567890,PPG1,260973.6125
ABC Corp,South,Mass,BigCo,South,2018,52,Widgets,A,1234567890,PPG1,893153.63
ABC Corp,West,Mass,BigCo,West,2018,52,Widgets,A,1234567890,PPG1,701108.6556809904
ABC Corp,North,Drug,Rx,North,2018,52,Widgets,A,1234567890,PPG1,116041.56829343153
ABC Corp,East,Drug,Rx,East,2018,52,Widgets,A,1234567890,PPG1,662271.08578125
ABC Corp,South,Drug,Rx,South,2018,52,Widgets,A,1234567890,PPG1,326978.87281249993
ABC Corp,West,Drug,Rx,West,2018,52,Widgets,A,1234567890,PPG1,611272.13
ABC Corp,North,Mass,SuperMart,North,2018,52,Widgets,A,1234512345,PPG1,147024.38
ABC Corp,East,Mass,SuperMart,East,2018,52,Widgets,A,1234512345,PPG1,201719.5
ABC Corp,South,Mass,SuperMart,Gulf Coast,2018,52,Widgets,A,1234512345,PPG1,782043.6804448551
ABC Corp,South,Mass,SuperMart,Deep South,2018,52,Widgets,A,1234512345,PPG1,126831.42666666667
ABC Corp,West,Mass,SuperMart,West,2018,52,Widgets,A,1234512345,PPG1,660460.9172921677
ABC Corp,North,Mass,BigCo,North,2018,52,Widgets,A,1234512345,PPG1,83571.02
ABC Corp,East,Mass,BigCo,East,2018,52,Widgets,A,1234512345,PPG1,769563.4555910855
ABC Corp,South,Mass,BigCo,South,2018,52,Widgets,A,1234512345,PPG1,606487.14
ABC Corp,West,Mass,BigCo,West,2018,52,Widgets,A,1234512345,PPG1,299049.39291033644
ABC Corp,North,Drug,Rx,North,2018,52,Widgets,A,1234512345,PPG1,547749.5226855701
ABC Corp,East,Drug,Rx,East,2018,52,Widgets,A,1234512345,PPG1,111870.05181865137
ABC Corp,South,Drug,Rx,South,2018,52,Widgets,A,1234512345,PPG1,83854.5650690074
ABC Corp,West,Drug,Rx,West,2018,52,Widgets,A,1234512345,PPG1,683364.8283883623
